mfcc_1,mfcc_2,mfcc_3,pitch,jitter,shimmer,hnr,filename
-331.78033,103.09872,12.991266,896.8658,0.9606142,0.115149036,56.575615,B1cdaopmoe67M2605161902.wav
-172.09637,97.0455,27.886099,814.8939,1.0233353,0.13164356,59.32734,B1LBULCAAS94M100120171015.wav
